GROUP,PACKAGE,CLASS,INSTRUCTION_MISSED,INSTRUCTION_COVERED,BRANCH_MISSED,BRANCH_COVERED,LINE_MISSED,LINE_COVERED,COMPLEXITY_MISSED,COMPLEXITY_COVERED,METHOD_MISSED,METHOD_COVERED,,Statement Cov,Branch Cov,CC
JFreeChart,org.jfree.chart.plot,PlotRenderingInfo,46,147,9,11,13,42,8,16,1,13,,0.761658031,0.55,24
JFreeChart,org.jfree.chart.plot,CombinedDomainXYPlot,351,557,59,53,90,154,53,33,13,17,,0.613436123,0.473214286,86
JFreeChart,org.jfree.chart.plot,PolarPlot,1198,1103,178,104,313,302,158,77,53,41,,0.479356801,0.368794326,235
JFreeChart,org.jfree.chart.plot,DatasetRenderingOrder,5,33,0,0,0,3,1,3,1,3,,0.868421053,#DIV/0!,4
JFreeChart,org.jfree.chart.plot,DialShape,5,43,0,0,0,4,1,3,1,3,,0.895833333,#DIV/0!,4
JFreeChart,org.jfree.chart.plot,Plot,390,781,89,91,118,248,88,71,21,48,,0.666951324,0.505555556,159
JFreeChart,org.jfree.chart.plot,PiePlotState,0,80,0,0,0,34,0,21,0,21,,1,#DIV/0!,21
JFreeChart,org.jfree.chart.plot,ThermometerPlot,1186,762,118,74,252,188,125,45,48,25,,0.391170431,0.385416667,170
JFreeChart,org.jfree.chart.plot,RingPlot,422,262,45,25,111,90,37,28,14,16,,0.383040936,0.357142857,65
JFreeChart,org.jfree.chart.plot,PiePlot,981,2768,126,218,224,746,130,174,33,99,,0.738330221,0.63372093,304
JFreeChart,org.jfree.chart.plot,PieLabelDistributor,107,227,13,21,22,50,10,16,2,7,,0.679640719,0.617647059,26
JFreeChart,org.jfree.chart.plot,PieLabelRecord,38,157,7,19,10,45,10,19,4,12,,0.805128205,0.730769231,29
JFreeChart,org.jfree.chart.plot,PlotState,0,11,0,0,0,4,0,2,0,2,,1,#DIV/0!,2
JFreeChart,org.jfree.chart.plot,FastScatterPlot,213,805,37,65,70,218,49,52,20,30,,0.790766208,0.637254902,101
JFreeChart,org.jfree.chart.plot,CompassPlot,824,376,69,36,161,107,66,26,17,18,,0.313333333,0.342857143,92
JFreeChart,org.jfree.chart.plot,DefaultDrawingSupplier,12,765,6,50,4,147,5,41,0,18,,0.984555985,0.892857143,46
JFreeChart,org.jfree.chart.plot,CategoryMarker,6,93,3,7,3,27,3,10,0,8,,0.939393939,0.7,13
JFreeChart,org.jfree.chart.plot,Crosshair,56,582,1,33,20,159,18,39,17,23,,0.912225705,0.970588235,57
JFreeChart,org.jfree.chart.plot,MeterPlot,179,1347,49,93,43,346,62,65,18,38,,0.882699869,0.654929577,127
JFreeChart,org.jfree.chart.plot,IntervalMarker,20,116,2,10,5,32,4,13,2,9,,0.852941176,0.833333333,17
JFreeChart,org.jfree.chart.plot,AbstractPieLabelDistributor,0,31,0,0,0,10,0,5,0,5,,1,#DIV/0!,5
JFreeChart,org.jfree.chart.plot,CombinedRangeXYPlot,352,508,59,43,95,142,50,29,12,16,,0.590697674,0.421568627,79
JFreeChart,org.jfree.chart.plot,CombinedRangeCategoryPlot,200,513,41,45,53,145,38,25,6,14,,0.719495091,0.523255814,63
JFreeChart,org.jfree.chart.plot,MultiplePiePlot,365,416,50,34,85,123,37,30,6,19,,0.532650448,0.404761905,67
JFreeChart,org.jfree.chart.plot,MeterInterval,12,123,6,8,6,36,6,11,0,10,,0.911111111,0.571428571,17
JFreeChart,org.jfree.chart.plot,XYCrosshairState,3,0,0,0,2,0,1,0,1,0,,0,#DIV/0!,1
JFreeChart,org.jfree.chart.plot,PlotOrientation,5,41,0,0,0,5,1,5,1,5,,0.891304348,#DIV/0!,6
JFreeChart,org.jfree.chart.plot,WaferMapPlot,581,0,44,0,131,0,36,0,14,0,,0,0,36
JFreeChart,org.jfree.chart.plot,PolarAxisLocation,5,93,0,0,0,9,1,3,1,3,,0.948979592,#DIV/0!,4
JFreeChart,org.jfree.chart.plot,CombinedDomainCategoryPlot,301,550,49,47,77,149,46,27,10,15,,0.646298472,0.489583333,73
JFreeChart,org.jfree.chart.plot,XYPlot,1794,4770,336,530,459,1285,296,368,50,181,,0.726691042,0.612009238,664
JFreeChart,org.jfree.chart.plot,ValueMarker,11,57,1,7,3,19,2,8,1,5,,0.838235294,0.875,10
JFreeChart,org.jfree.chart.plot,SpiderWebPlot,236,1447,43,101,66,389,55,86,19,50,,0.859774213,0.701388889,141
JFreeChart,org.jfree.chart.plot,CategoryPlot,1277,4090,238,454,332,1135,222,345,47,174,,0.762064468,0.656069364,567
JFreeChart,org.jfree.chart.plot,Marker,24,495,7,35,8,136,9,49,2,35,,0.953757225,0.833333333,58
JFreeChart,org.jfree.chart.plot,PiePlot3D,905,1124,89,59,248,262,56,30,2,10,,0.553967472,0.398648649,86
JFreeChart,org.jfree.chart.plot,CrosshairState,141,53,15,1,36,24,14,13,6,13,,0.273195876,0.0625,27
JFreeChart,org.jfree.chart.plot,CategoryCrosshairState,88,29,11,1,25,13,7,6,1,6,,0.247863248,0.083333333,13
JFreeChart,org.jfree.chart.plot,CenterTextMode,5,43,0,0,0,4,1,3,1,3,,0.895833333,#DIV/0!,4
JFreeChart,org.jfree.chart.plot,PieLabelLinkStyle,5,43,0,0,0,4,1,3,1,3,,0.895833333,#DIV/0!,4
JFreeChart,org.jfree.chart.plot,SeriesRenderingOrder,5,33,0,0,0,3,1,3,1,3,,0.868421053,#DIV/0!,4
JFreeChart,org.jfree.chart.imagemap,StandardToolTipTagFragmentGenerator,0,15,0,0,0,3,0,2,0,2,,1,#DIV/0!,2
JFreeChart,org.jfree.chart.imagemap,DynamicDriveToolTipTagFragmentGenerator,47,0,0,0,11,0,3,0,3,0,,0,#DIV/0!,3
JFreeChart,org.jfree.chart.imagemap,StandardURLTagFragmentGenerator,0,14,0,0,0,3,0,2,0,2,,1,#DIV/0!,2
JFreeChart,org.jfree.chart.imagemap,OverLIBToolTipTagFragmentGenerator,0,15,0,0,0,4,0,2,0,2,,1,#DIV/0!,2
JFreeChart,org.jfree.chart.imagemap,ImageMapUtils,125,128,12,22,28,32,12,13,6,2,,0.505928854,0.647058824,25
JFreeChart,org.jfree.chart.editor,DefaultAxisEditor,591,0,22,0,129,0,29,0,18,0,,0,0,29
JFreeChart,org.jfree.chart.editor,DefaultChartEditor,422,0,6,0,87,0,12,0,9,0,,0,0,12
JFreeChart,org.jfree.chart.editor,DefaultPlotEditor,934,0,100,0,232,0,68,0,18,0,,0,0,68
JFreeChart,org.jfree.chart.editor,DefaultLogAxisEditor,156,0,12,0,42,0,13,0,7,0,,0,0,13
JFreeChart,org.jfree.chart.editor,DefaultTitleEditor,391,0,22,0,96,0,22,0,11,0,,0,0,22
JFreeChart,org.jfree.chart.editor,DefaultValueAxisEditor,546,0,32,0,128,0,36,0,20,0,,0,0,36
JFreeChart,org.jfree.chart.editor,DefaultPolarPlotEditor,241,0,12,0,60,0,15,0,9,0,,0,0,15
JFreeChart,org.jfree.chart.editor,DefaultNumberAxisEditor,199,0,12,0,52,0,13,0,7,0,,0,0,13
JFreeChart,org.jfree.chart.editor,DefaultChartEditorFactory,8,0,0,0,3,0,2,0,2,0,,0,#DIV/0!,2
JFreeChart,org.jfree.chart.editor,ChartEditorManager,20,0,0,0,8,0,5,0,5,0,,0,#DIV/0!,5
JFreeChart,org.jfree.chart.urls,CustomPieURLGenerator,13,158,7,17,5,39,8,12,1,7,,0.923976608,0.708333333,20
JFreeChart,org.jfree.chart.urls,StandardXYURLGenerator,58,64,8,6,9,20,7,5,1,4,,0.524590164,0.428571429,12
JFreeChart,org.jfree.chart.urls,StandardCategoryURLGenerator,50,166,9,11,10,39,8,9,2,5,,0.768518519,0.55,17
JFreeChart,org.jfree.chart.urls,TimeSeriesURLGenerator,32,193,5,15,9,44,9,9,4,4,,0.857777778,0.75,18
JFreeChart,org.jfree.chart.urls,StandardXYZURLGenerator,9,0,0,0,2,0,2,0,2,0,,0,#DIV/0!,2
JFreeChart,org.jfree.chart.urls,CustomXYURLGenerator,17,139,10,18,7,39,10,12,1,7,,0.891025641,0.642857143,22
JFreeChart,org.jfree.chart.urls,CustomCategoryURLGenerator,17,139,10,18,7,40,10,12,1,7,,0.891025641,0.642857143,22
JFreeChart,org.jfree.chart.urls,URLUtilities,54,0,0,0,15,0,3,0,3,0,,0,#DIV/0!,3
JFreeChart,org.jfree.chart.urls,StandardPieURLGenerator,28,127,3,11,5,35,3,10,0,6,,0.819354839,0.785714286,13
JFreeChart,org.jfree.data.json,JSONUtils,224,0,20,0,70,0,15,0,5,0,,0,0,15
JFreeChart,org.jfree.chart.title,LegendGraphic,118,497,30,44,31,148,29,47,9,30,,0.808130081,0.594594595,76
JFreeChart,org.jfree.chart.title,Title,29,270,9,19,10,78,12,24,4,18,,0.903010033,0.678571429,36
JFreeChart,org.jfree.chart.title,ImageTitle,405,0,36,0,84,0,29,0,11,0,,0,0,29
JFreeChart,org.jfree.chart.title,DateTitle,10,43,0,0,2,8,1,4,1,4,,0.811320755,#DIV/0!,5
JFreeChart,org.jfree.chart.title,ShortTextTitle,289,12,43,1,62,4,28,2,6,2,,0.03986711,0.022727273,30
JFreeChart,org.jfree.chart.title,PaintScaleLegend,750,314,68,24,138,91,49,27,13,17,,0.295112782,0.260869565,76
JFreeChart,org.jfree.chart.title,CompositeTitle,73,80,4,6,19,26,7,10,4,8,,0.522875817,0.6,17
JFreeChart,org.jfree.chart.title,LegendItemBlockContainer,9,78,1,3,3,25,4,7,3,6,,0.896551724,0.75,11
JFreeChart,org.jfree.chart.title,TextTitle,507,592,94,56,113,160,72,40,12,25,,0.53867152,0.373333333,112
JFreeChart,org.jfree.chart.title,LegendTitle,116,596,20,42,34,163,29,37,12,23,,0.837078652,0.677419355,66
JFreeChart,org.jfree.data.xml,ItemHandler,112,0,8,0,32,0,11,0,7,0,,0,0,11
JFreeChart,org.jfree.data.xml,PieDatasetHandler,72,0,8,0,20,0,9,0,5,0,,0,0,9
JFreeChart,org.jfree.data.xml,ValueHandler,100,0,8,0,27,0,10,0,6,0,,0,0,10
JFreeChart,org.jfree.data.xml,KeyHandler,96,0,6,0,21,0,9,0,6,0,,0,0,9
JFreeChart,org.jfree.data.xml,DatasetReader,122,0,2,0,43,0,8,0,7,0,,0,0,8
JFreeChart,org.jfree.data.xml,RootHandler,54,0,8,0,18,0,10,0,6,0,,0,0,10
JFreeChart,org.jfree.data.xml,CategoryDatasetHandler,85,0,8,0,22,0,9,0,5,0,,0,0,9
JFreeChart,org.jfree.data.xml,CategorySeriesHandler,114,0,8,0,30,0,9,0,5,0,,0,0,9
JFreeChart,org.jfree.chart,ChartColor,6,338,0,0,2,25,1,2,1,2,,0.98255814,#DIV/0!,3
JFreeChart,org.jfree.chart,ChartHints.Key,33,0,13,0,6,0,9,0,2,0,,0,0,9
JFreeChart,org.jfree.chart,PaintMap,5,164,0,14,1,50,1,15,1,8,,0.970414201,1,16
JFreeChart,org.jfree.chart,JFreeChart,523,1126,71,103,135,295,81,80,27,47,,0.682838084,0.591954023,161
JFreeChart,org.jfree.chart,StandardChartTheme,763,1232,93,117,220,369,112,85,46,46,,0.61754386,0.557142857,197
JFreeChart,org.jfree.chart,ChartTransferable,207,0,12,0,52,0,13,0,7,0,,0,0,13
JFreeChart,org.jfree.chart,HashUtils,136,185,23,19,33,42,18,17,1,13,,0.576323988,0.452380952,35
JFreeChart,org.jfree.chart,PolarChartPanel,243,0,24,0,72,0,19,0,7,0,,0,0,19
JFreeChart,org.jfree.chart,ChartFrame,37,0,2,0,10,0,4,0,3,0,,0,0,4
JFreeChart,org.jfree.chart,StrokeMap,9,160,0,14,3,48,2,14,2,7,,0.946745562,1,16
JFreeChart,org.jfree.chart,ChartUtils,434,14,10,2,110,6,34,2,28,2,,0.03125,0.166666667,36
JFreeChart,org.jfree.chart,JFreeChart.new RenderingHints.Key() {...},3,4,0,0,1,1,1,1,1,1,,0.571428571,#DIV/0!,2
JFreeChart,org.jfree.chart,LegendItem,96,689,8,44,29,198,18,66,10,48,,0.877707006,0.846153846,84
JFreeChart,org.jfree.chart,LegendItemCollection,6,64,1,5,2,19,2,9,1,7,,0.914285714,0.833333333,11
JFreeChart,org.jfree.chart,ChartMouseEvent,22,0,0,0,8,0,4,0,4,0,,0,#DIV/0!,4
JFreeChart,org.jfree.chart,ChartRenderingInfo,2,141,4,12,1,43,4,16,0,12,,0.986013986,0.75,20
JFreeChart,org.jfree.chart,ChartPanel,2789,1202,343,51,697,318,271,36,82,28,,0.30117765,0.129441624,307
JFreeChart,org.jfree.chart,ChartHints,14,0,0,0,4,0,2,0,2,0,,0,#DIV/0!,2
JFreeChart,org.jfree.chart,LegendRenderingOrder,38,0,0,0,3,0,4,0,4,0,,0,#DIV/0!,4
JFreeChart,org.jfree.chart,StandardChartTheme.new StandardChartTheme() {...},5,0,0,0,2,0,2,0,2,0,,0,#DIV/0!,2
JFreeChart,org.jfree.chart,MouseWheelHandler,105,13,14,0,33,5,11,1,4,1,,0.110169492,0,12
JFreeChart,org.jfree.chart,ChartFactory,1398,1216,150,52,285,290,116,41,27,29,,0.465187452,0.257425743,157
JFreeChart,org.jfree.chart.needle,PinNeedle,128,18,9,3,25,6,8,3,2,3,,0.123287671,0.25,11
JFreeChart,org.jfree.chart.needle,MiddlePinNeedle,133,20,10,4,25,6,9,3,2,3,,0.130718954,0.285714286,12
JFreeChart,org.jfree.chart.needle,ShipNeedle,84,20,8,4,16,6,8,3,2,3,,0.192307692,0.333333333,11
JFreeChart,org.jfree.chart.needle,PointerNeedle,139,18,13,3,36,6,10,3,2,3,,0.114649682,0.1875,13
JFreeChart,org.jfree.chart.needle,ArrowNeedle,140,36,12,6,29,13,9,5,2,3,,0.204545455,0.333333333,14
JFreeChart,org.jfree.chart.needle,MeterNeedle,144,187,10,20,39,63,21,20,13,13,,0.564954683,0.666666667,41
JFreeChart,org.jfree.chart.needle,PlumNeedle,84,18,7,3,19,6,7,3,2,3,,0.176470588,0.3,10
JFreeChart,org.jfree.chart.needle,WindNeedle,69,18,8,4,17,6,8,2,2,2,,0.206896552,0.333333333,10
JFreeChart,org.jfree.chart.needle,LineNeedle,53,16,6,2,12,5,6,3,2,3,,0.231884058,0.25,9
JFreeChart,org.jfree.chart.needle,LongNeedle,189,19,14,2,50,7,10,3,2,3,,0.091346154,0.125,13
JFreeChart,org.jfree.chart.encoders,SunPNGEncoderAdapter,32,0,0,0,12,0,7,0,7,0,,0,#DIV/0!,7
JFreeChart,org.jfree.chart.encoders,EncoderUtil,71,0,0,0,21,0,9,0,9,0,,0,#DIV/0!,9
JFreeChart,org.jfree.chart.encoders,SunJPEGEncoderAdapter,86,0,4,0,27,0,9,0,7,0,,0,0,9
JFreeChart,org.jfree.chart.encoders,ImageEncoderFactory,93,0,2,0,30,0,9,0,8,0,,0,0,9
JFreeChart,org.jfree.data.io,CSV,212,0,20,0,57,0,16,0,6,0,,0,0,16
JFreeChart,org.jfree.chart.labels,IntervalXYItemLabelGenerator,255,24,29,3,54,9,21,4,6,3,,0.086021505,0.09375,25
JFreeChart,org.jfree.chart.labels,StandardPieToolTipGenerator,10,26,0,0,3,10,2,5,2,5,,0.722222222,#DIV/0!,7
JFreeChart,org.jfree.chart.labels,IntervalXYToolTipGenerator,279,0,32,0,63,0,25,0,9,0,,0,0,25
JFreeChart,org.jfree.chart.labels,StandardXYToolTipGenerator,14,46,1,3,4,16,3,8,2,7,,0.766666667,0.75,11
JFreeChart,org.jfree.chart.labels,IntervalCategoryToolTipGenerator,98,27,11,3,20,10,7,5,1,4,,0.216,0.214285714,12
JFreeChart,org.jfree.chart.labels,StandardCrosshairLabelGenerator,38,49,4,8,10,17,7,6,3,4,,0.563218391,0.666666667,13
JFreeChart,org.jfree.chart.labels,IntervalCategoryItemLabelGenerator,96,15,10,0,19,6,6,3,1,3,,0.135135135,0,9
JFreeChart,org.jfree.chart.labels,AbstractXYItemLabelGenerator,72,233,10,22,16,65,13,19,4,12,,0.763934426,0.6875,32
JFreeChart,org.jfree.chart.labels,BoxAndWhiskerXYToolTipGenerator,106,22,6,2,18,8,5,3,1,3,,0.171875,0.25,8
JFreeChart,org.jfree.chart.labels,BubbleXYItemLabelGenerator,101,101,9,9,22,31,9,10,3,7,,0.5,0.5,19
JFreeChart,org.jfree.chart.labels,AbstractPieItemLabelGenerator,5,183,4,18,2,53,5,15,1,8,,0.973404255,0.818181818,20
JFreeChart,org.jfree.chart.labels,StandardCategorySeriesLabelGenerator,2,71,1,5,1,24,1,9,0,7,,0.97260274,0.833333333,10
JFreeChart,org.jfree.chart.labels,StandardPieSectionLabelGenerator,28,75,1,5,8,24,5,9,4,7,,0.72815534,0.833333333,14
JFreeChart,org.jfree.chart.labels,BoxAndWhiskerToolTipGenerator,89,20,4,2,16,7,4,3,1,3,,0.183486239,0.333333333,7
JFreeChart,org.jfree.chart.labels,AbstractCategoryItemLabelGenerator,35,220,7,15,9,62,10,14,4,9,,0.862745098,0.681818182,24
JFreeChart,org.jfree.chart.labels,MultipleXYSeriesLabelGenerator,115,122,10,10,30,36,10,9,3,6,,0.514767932,0.5,19
JFreeChart,org.jfree.chart.labels,CustomXYToolTipGenerator,18,126,14,14,4,34,13,9,1,7,,0.875,0.5,22
JFreeChart,org.jfree.chart.labels,SymbolicXYItemLabelGenerator,96,18,10,2,23,7,9,4,3,4,,0.157894737,0.166666667,13
JFreeChart,org.jfree.chart.labels,StandardCategoryItemLabelGenerator,6,35,0,4,2,12,1,7,1,5,,0.853658537,1,8
JFreeChart,org.jfree.chart.labels,StandardXYZToolTipGenerator,113,64,8,8,25,23,10,7,5,4,,0.361581921,0.5,17
JFreeChart,org.jfree.chart.labels,ItemLabelPosition,18,79,3,9,7,24,7,7,4,4,,0.81443299,0.75,14
JFreeChart,org.jfree.chart.labels,ItemLabelAnchor,5,263,0,0,0,26,1,3,1,3,,0.981343284,#DIV/0!,4
JFreeChart,org.jfree.chart.labels,StandardCategoryToolTipGenerator,8,27,1,3,2,10,2,5,1,4,,0.771428571,0.75,7
JFreeChart,org.jfree.chart.labels,HighLowItemLabelGenerator,136,83,18,10,31,27,14,7,2,5,,0.378995434,0.357142857,21
JFreeChart,org.jfree.chart.labels,StandardXYSeriesLabelGenerator,2,71,1,5,1,24,1,9,0,7,,0.97260274,0.833333333,10
JFreeChart,org.jfree.chart.labels,StandardXYItemLabelGenerator,20,39,1,3,6,15,4,7,3,6,,0.661016949,0.75,11
JFreeChart,org.jfree.chart.axis,DateTickUnit,79,197,8,22,17,50,14,18,6,11,,0.713768116,0.733333333,32
JFreeChart,org.jfree.chart.axis,TickUnit,12,86,5,11,5,25,6,10,1,7,,0.87755102,0.6875,16
JFreeChart,org.jfree.chart.axis,AxisLocation,44,53,8,0,13,5,7,3,3,3,,0.546391753,0,10
JFreeChart,org.jfree.chart.axis,ModuloAxis,462,96,38,8,85,23,35,5,13,4,,0.172043011,0.173913043,40
JFreeChart,org.jfree.chart.axis,DateAxis.DefaultTimeline,15,19,3,3,7,8,7,5,4,5,,0.558823529,0.5,12
JFreeChart,org.jfree.chart.axis,MonthDateFormat,67,175,5,13,16,32,9,10,5,5,,0.723140496,0.722222222,19
JFreeChart,org.jfree.chart.axis,NumberAxis,257,1159,43,105,61,279,45,68,6,33,,0.818502825,0.709459459,113
JFreeChart,org.jfree.chart.axis,ValueTick,6,58,3,5,3,16,3,6,0,5,,0.90625,0.625,9
JFreeChart,org.jfree.chart.axis,AxisCollection,8,69,3,5,2,19,2,8,0,6,,0.896103896,0.625,10
JFreeChart,org.jfree.chart.axis,DateAxis,714,2139,87,131,146,478,77,84,12,40,,0.749737119,0.600917431,161
JFreeChart,org.jfree.chart.axis,TickUnits,46,85,5,5,11,22,7,7,3,6,,0.648854962,0.5,14
JFreeChart,org.jfree.chart.axis,NumberTickUnitSource,39,322,16,46,13,85,16,27,0,12,,0.891966759,0.741935484,43
JFreeChart,org.jfree.chart.axis,LogAxis,785,723,81,45,187,177,74,29,18,22,,0.479442971,0.357142857,103
JFreeChart,org.jfree.chart.axis,CompassFormat,236,0,4,0,18,0,9,0,7,0,,0,0,9
JFreeChart,org.jfree.chart.axis,SymbolAxis,753,137,93,11,193,44,61,13,13,9,,0.153932584,0.105769231,74
JFreeChart,org.jfree.chart.axis,CategoryTick,5,91,2,10,2,23,3,9,1,5,,0.947916667,0.833333333,12
JFreeChart,org.jfree.chart.axis,Axis,531,1259,61,103,124,369,54,102,6,68,,0.703351955,0.62804878,156
JFreeChart,org.jfree.chart.axis,PeriodAxisLabelInfo,29,259,1,19,10,66,9,18,8,9,,0.899305556,0.95,27
JFreeChart,org.jfree.chart.axis,ExtendedCategoryAxis,74,117,14,8,16,34,11,11,3,8,,0.612565445,0.363636364,22
JFreeChart,org.jfree.chart.axis,SubCategoryAxis,288,261,34,20,66,71,26,15,2,12,,0.475409836,0.37037037,41
JFreeChart,org.jfree.chart.axis,CategoryAnchor,5,43,0,0,0,4,1,3,1,3,,0.895833333,#DIV/0!,4
JFreeChart,org.jfree.chart.axis,DateTickMarkPosition,5,43,0,0,0,4,1,3,1,3,,0.895833333,#DIV/0!,4
JFreeChart,org.jfree.chart.axis,TickType,5,33,0,0,0,3,1,3,1,3,,0.868421053,#DIV/0!,4
JFreeChart,org.jfree.chart.axis,MarkerAxisBand,199,103,9,13,46,28,10,8,4,3,,0.341059603,0.590909091,18
JFreeChart,org.jfree.chart.axis,NumberTick,3,27,0,0,1,6,1,2,1,2,,0.9,#DIV/0!,3
JFreeChart,org.jfree.chart.axis,CategoryLabelPosition,4,164,2,14,2,45,2,18,0,12,,0.976190476,0.875,20
JFreeChart,org.jfree.chart.axis,CategoryLabelWidthType,5,33,0,0,0,3,1,3,1,3,,0.868421053,#DIV/0!,4
JFreeChart,org.jfree.chart.axis,ValueAxis,570,1247,93,117,148,346,89,86,19,51,,0.686296092,0.557142857,175
JFreeChart,org.jfree.chart.axis,CyclicNumberAxis,1456,156,191,15,328,54,118,20,21,14,,0.096774194,0.072815534,138
JFreeChart,org.jfree.chart.axis,StandardTickUnitSource,49,13,1,1,10,5,5,3,4,3,,0.209677419,0.5,8
JFreeChart,org.jfree.chart.axis,NumberTickUnit,17,75,2,8,2,24,3,9,1,6,,0.815217391,0.8,12
JFreeChart,org.jfree.chart.axis,DateTick,7,51,2,4,3,13,3,5,1,4,,0.879310345,0.666666667,8
JFreeChart,org.jfree.chart.axis,AxisSpace,195,269,26,22,39,67,21,22,5,14,,0.579741379,0.458333333,43
JFreeChart,org.jfree.chart.axis,LogTick,15,0,0,0,4,0,2,0,2,0,,0,#DIV/0!,2
JFreeChart,org.jfree.chart.axis,CyclicNumberAxis.CycleBoundTick,11,0,0,0,3,0,1,0,1,0,,0,#DIV/0!,1
JFreeChart,org.jfree.chart.axis,CategoryAxis,404,1489,72,114,88,373,67,80,11,43,,0.786582145,0.612903226,147
JFreeChart,org.jfree.chart.axis,DateTickUnitType,4,121,2,18,2,34,2,14,0,6,,0.968,0.9,16
JFreeChart,org.jfree.chart.axis,AxisState,39,53,8,0,13,19,7,10,3,10,,0.576086957,0,17
JFreeChart,org.jfree.chart.axis,LogarithmicAxis,1188,265,229,25,249,65,136,20,14,15,,0.18238128,0.098425197,156
JFreeChart,org.jfree.chart.axis,Tick,7,82,2,10,3,26,3,11,1,7,,0.921348315,0.833333333,14
JFreeChart,org.jfree.chart.axis,PeriodAxis,1254,487,113,25,259,129,82,33,24,22,,0.279724296,0.18115942,115
JFreeChart,org.jfree.chart.axis,QuarterDateFormat,69,116,4,6,19,21,7,6,4,4,,0.627027027,0.6,13
JFreeChart,org.jfree.chart.axis,CategoryLabelPositions,117,326,6,14,35,44,10,12,5,7,,0.735891648,0.7,22
JFreeChart,org.jfree.chart.axis,AxisLabelLocation,5,43,0,0,0,4,1,3,1,3,,0.895833333,#DIV/0!,4
JFreeChart,org.jfree.data.general,AbstractDataset,18,107,4,4,8,31,6,12,3,11,,0.856,0.5,18
JFreeChart,org.jfree.data.general,DatasetGroup,21,23,3,3,9,8,6,2,3,2,,0.522727273,0.5,8
JFreeChart,org.jfree.data.general,Series,38,224,7,13,13,62,11,21,5,17,,0.854961832,0.65,32
JFreeChart,org.jfree.data.general,DefaultPieDataset,83,138,9,13,27,40,15,15,7,12,,0.624434389,0.590909091,30
JFreeChart,org.jfree.data.general,DefaultHeatMapDataset,78,188,12,30,13,51,15,21,3,12,,0.706766917,0.714285714,36
JFreeChart,org.jfree.data.general,HeatMapUtils,125,0,8,0,26,0,8,0,4,0,,0,0,8
JFreeChart,org.jfree.data.general,DefaultValueDataset,39,20,6,0,10,8,6,4,3,4,,0.338983051,0,10
JFreeChart,org.jfree.data.general,WaferMapDataset,211,0,20,0,55,0,29,0,19,0,,0,0,29
JFreeChart,org.jfree.data.general,DatasetUtils,756,2868,150,406,184,708,122,214,11,47,,0.791390728,0.730215827,336
JFreeChart,org.jfree.data.general,AbstractSeriesDataset,0,26,0,4,0,9,0,5,0,3,,1,1,5
JFreeChart,org.jfree.data.general,SeriesChangeEvent,0,4,0,0,0,2,0,1,0,1,,1,#DIV/0!,1
JFreeChart,org.jfree.data.general,SeriesException,0,4,0,0,0,2,0,1,0,1,,1,#DIV/0!,1
JFreeChart,org.jfree.data.general,DefaultKeyedValuesDataset,0,3,0,0,0,1,0,1,0,1,,1,#DIV/0!,1
JFreeChart,org.jfree.data.general,DatasetChangeEvent,0,10,0,0,0,4,0,2,0,2,,1,#DIV/0!,2
JFreeChart,org.jfree.data.general,DefaultKeyedValueDataset,32,99,12,10,9,31,11,10,2,8,,0.755725191,0.454545455,21
JFreeChart,org.jfree.data.general,DefaultKeyedValues2DDataset,0,3,0,0,0,1,0,1,0,1,,1,#DIV/0!,1
JFreeChart,org.jfree.data.time.ohlc,OHLCSeries,21,49,1,3,5,11,2,6,1,5,,0.7,0.75,8
JFreeChart,org.jfree.data.time.ohlc,OHLC,4,94,2,10,2,28,2,11,0,7,,0.959183673,0.833333333,13
JFreeChart,org.jfree.data.time.ohlc,OHLCSeriesCollection,178,179,10,16,38,51,24,17,17,11,,0.50140056,0.615384615,41
JFreeChart,org.jfree.data.time.ohlc,OHLCItem,11,51,4,4,5,15,5,6,1,6,,0.822580645,0.5,11
JFreeChart,org.jfree.chart.resources,JFreeChartResources,61,0,0,0,3,0,3,0,3,0,,0,#DIV/0!,3
JFreeChart,org.jfree.data.jdbc,JDBCPieDataset,154,0,17,0,53,0,15,0,6,0,,0,0,15
JFreeChart,org.jfree.data.jdbc,JDBCCategoryDataset,213,0,28,0,67,0,22,0,7,0,,0,0,22
JFreeChart,org.jfree.data.jdbc,JDBCXYDataset,449,0,56,0,125,0,47,0,18,0,,0,0,47
JFreeChart,org.jfree.data.category,DefaultCategoryDataset,20,223,1,19,8,64,4,31,3,22,,0.917695473,0.95,35
JFreeChart,org.jfree.data.category,DefaultIntervalCategoryDataset,163,589,46,74,37,147,44,48,2,30,,0.783244681,0.616666667,92
JFreeChart,org.jfree.data.category,SlidingCategoryDataset,60,209,8,24,12,53,14,21,6,13,,0.776951673,0.75,35
JFreeChart,org.jfree.data.category,CategoryToPieDataset,62,224,23,35,18,61,19,22,1,11,,0.783216783,0.603448276,41
JFreeChart,org.jfree.chart.panel,AbstractOverlay,33,29,3,1,8,9,4,3,2,3,,0.467741935,0.25,7
JFreeChart,org.jfree.chart.panel,CrosshairOverlay,905,84,145,5,225,25,89,6,15,5,,0.084934277,0.033333333,95
JFreeChart,org.jfree.chart.renderer,LookupPaintScale.PaintItem,6,71,3,9,3,25,3,8,0,5,,0.922077922,0.75,11
JFreeChart,org.jfree.chart.renderer,LookupPaintScale,11,239,4,30,3,64,4,24,0,11,,0.956,0.882352941,28
JFreeChart,org.jfree.chart.renderer,AreaRendererEndType,5,43,0,0,0,4,1,3,1,3,,0.895833333,#DIV/0!,4
JFreeChart,org.jfree.chart.renderer,DefaultPolarItemRenderer,720,345,89,29,200,94,82,16,24,15,,0.323943662,0.245762712,98
JFreeChart,org.jfree.chart.renderer,RendererState,0,35,0,4,0,14,0,7,0,5,,1,1,7
JFreeChart,org.jfree.chart.renderer,RendererUtils,17,368,6,56,5,97,7,28,1,3,,0.955844156,0.903225806,35
JFreeChart,org.jfree.chart.renderer,Outlier,100,66,16,6,15,20,12,10,3,8,,0.397590361,0.272727273,22
JFreeChart,org.jfree.chart.renderer,WaferMapRenderer,474,0,56,0,120,0,44,0,15,0,,0,0,44
JFreeChart,org.jfree.chart.renderer,NotOutlierException,4,0,0,0,2,0,1,0,1,0,,0,#DIV/0!,1
JFreeChart,org.jfree.chart.renderer,AbstractRenderer,693,1848,127,177,122,566,131,179,34,124,,0.727272727,0.582236842,310
JFreeChart,org.jfree.chart.renderer,OutlierListCollection,68,24,8,0,21,8,8,4,4,4,,0.260869565,0,12
JFreeChart,org.jfree.chart.renderer,OutlierList,93,0,4,0,28,0,11,0,9,0,,0,0,11
JFreeChart,org.jfree.chart.renderer,GrayPaintScale,31,115,3,13,7,31,4,14,1,9,,0.787671233,0.8125,18
JFreeChart,org.jfree.chart.util,CloneUtils,49,83,2,10,16,22,3,7,1,3,,0.628787879,0.833333333,10
JFreeChart,org.jfree.chart.util,Args,27,42,1,5,2,8,2,5,1,3,,0.608695652,0.833333333,7
JFreeChart,org.jfree.chart.util,SortOrder,5,33,0,0,0,3,1,3,1,3,,0.868421053,#DIV/0!,4
JFreeChart,org.jfree.chart.util,XYCoordinateType,5,43,0,0,0,4,1,3,1,3,,0.895833333,#DIV/0!,4
JFreeChart,org.jfree.chart.util,StringUtils,46,0,4,0,11,0,6,0,4,0,,0,0,6
JFreeChart,org.jfree.chart.util,BooleanList,5,20,1,1,2,7,2,4,1,4,,0.8,0.5,6
JFreeChart,org.jfree.chart.util,ObjectList,4,16,0,0,2,6,1,4,1,4,,0.8,#DIV/0!,5
JFreeChart,org.jfree.chart.util,HMSNumberFormat,9,60,0,0,2,12,2,2,2,2,,0.869565217,#DIV/0!,4
JFreeChart,org.jfree.chart.util,PaintAlpha,472,0,38,0,92,0,29,0,10,0,,0,0,29
JFreeChart,org.jfree.chart.util,SerialUtils,199,761,29,79,45,238,30,40,1,13,,0.792708333,0.731481481,70
JFreeChart,org.jfree.chart.util,DefaultShadowGenerator,383,62,22,8,78,18,25,3,11,2,,0.139325843,0.266666667,28
JFreeChart,org.jfree.chart.util,Rotation,5,41,0,0,0,7,1,4,1,4,,0.891304348,#DIV/0!,5
JFreeChart,org.jfree.chart.util,DirectionalGradientPaintTransformer,166,0,20,0,28,0,12,0,2,0,,0,0,12
JFreeChart,org.jfree.chart.util,ResourceBundleWrapper,62,5,7,1,15,2,8,1,4,1,,0.074626866,0.125,9
JFreeChart,org.jfree.chart.util,LineUtils,113,195,18,22,20,39,16,7,2,1,,0.633116883,0.55,23
JFreeChart,org.jfree.chart.util,StrokeList,40,53,9,5,12,19,8,7,1,7,,0.569892473,0.357142857,15
JFreeChart,org.jfree.chart.util,ArrayUtils,155,69,41,17,44,16,27,8,4,2,,0.308035714,0.293103448,35
JFreeChart,org.jfree.chart.util,AbstractObjectList,30,214,6,28,7,60,7,23,1,12,,0.87704918,0.823529412,30
JFreeChart,org.jfree.chart.util,LogFormat,82,108,7,11,20,31,11,9,6,5,,0.568421053,0.611111111,20
JFreeChart,org.jfree.chart.util,ShapeList,38,74,8,8,11,23,7,9,1,7,,0.660714286,0.5,16
JFreeChart,org.jfree.chart.util,ShapeUtils,645,254,76,48,134,65,64,21,12,11,,0.282536151,0.387096774,85
JFreeChart,org.jfree.chart.util,HexNumberFormat,68,0,4,0,19,0,9,0,7,0,,0,0,9
JFreeChart,org.jfree.chart.util,UnitType,5,33,0,0,0,3,1,3,1,3,,0.868421053,#DIV/0!,4
JFreeChart,org.jfree.chart.util,RelativeDateFormat,46,437,8,32,17,117,15,33,7,21,,0.904761905,0.8,48
JFreeChart,org.jfree.chart.util,PaintUtils,220,75,58,20,50,18,36,7,3,1,,0.254237288,0.256410256,43
JFreeChart,org.jfree.chart.util,TableOrder,5,33,0,0,0,3,1,3,1,3,,0.868421053,#DIV/0!,4
JFreeChart,org.jfree.chart.util,PaintList,12,99,5,13,5,30,6,10,1,6,,0.891891892,0.722222222,16
JFreeChart,org.jfree.chart.util,ExportUtils,393,0,8,0,88,0,11,0,7,0,,0,0,11
JFreeChart,org.jfree.chart.util,ObjectUtils,13,52,2,10,4,20,3,8,1,4,,0.8,0.833333333,11
JFreeChart,org.jfree.chart.util,AttrStringUtils,493,11,92,0,110,3,61,1,15,1,,0.021825397,0,62
JFreeChart,org.jfree.chart.entity,StandardEntityCollection,46,82,6,4,11,22,8,8,4,7,,0.640625,0.4,16
JFreeChart,org.jfree.chart.entity,TitleEntity,98,25,12,0,30,8,13,3,7,3,,0.203252033,0,16
JFreeChart,org.jfree.chart.entity,ChartEntity,278,93,32,8,63,34,27,13,10,10,,0.250673854,0.2,40
JFreeChart,org.jfree.chart.entity,XYAnnotationEntity,44,0,8,0,16,0,8,0,4,0,,0,0,8
JFreeChart,org.jfree.chart.entity,CategoryItemEntity,54,49,5,5,16,13,12,2,7,2,,0.475728155,0.5,14
JFreeChart,org.jfree.chart.entity,PlotEntity,111,12,12,0,34,4,15,1,9,1,,0.097560976,0,16
JFreeChart,org.jfree.chart.entity,PieSectionEntity,54,77,2,10,12,26,8,10,6,6,,0.58778626,0.833333333,18
JFreeChart,org.jfree.chart.entity,LegendItemEntity,27,49,3,7,6,16,6,7,3,5,,0.644736842,0.7,13
JFreeChart,org.jfree.chart.entity,CategoryLabelEntity,48,30,2,4,12,9,5,3,3,2,,0.384615385,0.666666667,8
JFreeChart,org.jfree.chart.entity,XYItemEntity,35,54,2,8,8,18,7,7,5,4,,0.606741573,0.8,14
JFreeChart,org.jfree.chart.entity,TickLabelEntity,0,6,0,0,0,2,0,1,0,1,,1,#DIV/0!,1
JFreeChart,org.jfree.chart.entity,JFreeChartEntity,98,25,12,0,30,8,13,3,7,3,,0.203252033,0,16
JFreeChart,org.jfree.chart.entity,AxisEntity,98,25,12,0,30,8,13,3,7,3,,0.203252033,0,16
JFreeChart,org.jfree.data.gantt,XYTaskDataset,234,84,15,9,51,29,32,10,23,7,,0.264150943,0.375,42
JFreeChart,org.jfree.data.gantt,SlidingGanttCategoryDataset,501,166,41,19,78,44,48,15,23,10,,0.248875562,0.316666667,63
JFreeChart,org.jfree.data.gantt,TaskSeries,22,96,2,10,7,30,5,11,3,7,,0.813559322,0.833333333,16
JFreeChart,org.jfree.data.gantt,Task,2,136,1,11,1,43,1,20,0,15,,0.985507246,0.916666667,21
JFreeChart,org.jfree.data.gantt,TaskSeriesCollection,53,599,11,49,18,161,13,54,4,33,,0.918711656,0.816666667,67
JFreeChart,org.jfree.chart.date,SpreadsheetDate,172,242,42,22,28,52,36,16,10,10,,0.584541063,0.34375,52
JFreeChart,org.jfree.chart.date,SerialDate,410,421,56,19,106,44,59,17,25,9,,0.506618532,0.253333333,76
JFreeChart,org.jfree.data.time,DynamicTimeSeriesCollection,915,0,92,0,203,0,89,0,42,0,,0,0,89
JFreeChart,org.jfree.data.time,Year,32,197,5,13,7,54,5,22,1,17,,0.860262009,0.722222222,27
JFreeChart,org.jfree.data.time,Week,304,297,44,18,80,77,35,20,9,15,,0.494176373,0.290322581,55
JFreeChart,org.jfree.data.time,Minute,138,304,22,10,34,73,16,21,2,19,,0.687782805,0.3125,37
JFreeChart,org.jfree.data.time,Second,184,284,32,10,45,62,22,18,3,16,,0.606837607,0.238095238,40
JFreeChart,org.jfree.data.time,Day,27,281,5,9,10,81,5,25,1,22,,0.912337662,0.642857143,30
JFreeChart,org.jfree.data.time,TimePeriodValue,58,72,11,9,9,22,10,9,2,7,,0.553846154,0.45,19
JFreeChart,org.jfree.data.time,DynamicTimeSeriesCollection.ValueSequence,39,0,2,0,10,0,5,0,4,0,,0,0,5
JFreeChart,org.jfree.data.time,MovingAverage,310,115,39,15,70,29,28,6,6,1,,0.270588235,0.277777778,34
JFreeChart,org.jfree.data.time,TimeTableXYDataset,233,167,24,12,57,48,33,17,18,14,,0.4175,0.333333333,50
JFreeChart,org.jfree.data.time,TimePeriodValuesCollection,215,210,19,19,54,62,25,16,13,9,,0.494117647,0.5,41
JFreeChart,org.jfree.data.time,Millisecond,109,292,23,11,31,64,17,18,2,16,,0.728179551,0.323529412,35
JFreeChart,org.jfree.data.time,RegularTimePeriod,41,129,10,10,12,26,8,11,1,8,,0.758823529,0.5,19
JFreeChart,org.jfree.data.time,TimePeriodValues,95,488,8,44,16,142,7,46,1,26,,0.837049743,0.846153846,53
JFreeChart,org.jfree.data.time,TimePeriodFormatException,0,4,0,0,0,2,0,1,0,1,,1,#DIV/0!,1
JFreeChart,org.jfree.data.time,TimeSeries,276,1294,42,150,68,336,45,109,8,50,,0.824203822,0.78125,154
JFreeChart,org.jfree.data.time,SimpleTimePeriod,17,150,4,18,6,40,6,14,2,7,,0.898203593,0.818181818,20
JFreeChart,org.jfree.data.time,TimePeriodAnchor,5,43,0,0,0,4,1,3,1,3,,0.895833333,#DIV/0!,4
JFreeChart,org.jfree.data.time,Hour,78,322,14,14,17,80,13,24,2,21,,0.805,0.5,37
JFreeChart,org.jfree.data.time,FixedMillisecond,78,62,11,5,24,20,18,7,10,7,,0.442857143,0.3125,25
JFreeChart,org.jfree.data.time,Month,79,387,17,35,18,102,17,32,1,22,,0.830472103,0.673076923,49
JFreeChart,org.jfree.data.time,TimeSeriesCollection,148,593,21,51,34,159,25,49,9,29,,0.800269906,0.708333333,74
JFreeChart,org.jfree.data.time,TimeSeriesTableModel,143,0,32,0,51,0,27,0,11,0,,0,0,27
JFreeChart,org.jfree.data.time,TimeSeriesDataItem,10,103,4,10,5,31,4,12,0,9,,0.911504425,0.714285714,16
JFreeChart,org.jfree.data.time,DateRange,30,59,0,0,5,14,2,7,2,7,,0.662921348,#DIV/0!,9
JFreeChart,org.jfree.data.time,Quarter,86,380,16,18,18,76,15,24,2,20,,0.815450644,0.529411765,39
JFreeChart,org.jfree.chart.renderer.category,MinMaxCategoryRenderer,241,328,22,14,56,70,24,13,9,10,,0.576449912,0.388888889,37
JFreeChart,org.jfree.chart.renderer.category,LevelRenderer,171,342,25,23,31,88,25,12,3,10,,0.666666667,0.479166667,37
JFreeChart,org.jfree.chart.renderer.category,CategoryStepRenderer.State,9,0,0,0,3,0,1,0,1,0,,0,#DIV/0!,1
JFreeChart,org.jfree.chart.renderer.category,LayeredBarRenderer,447,283,80,22,98,69,53,5,2,5,,0.387671233,0.215686275,58
JFreeChart,org.jfree.chart.renderer.category,StandardBarPainter,198,17,31,3,54,8,19,4,3,3,,0.079069767,0.088235294,23
JFreeChart,org.jfree.chart.renderer.category,StatisticalBarRenderer,232,567,63,41,54,127,47,17,2,10,,0.709637046,0.394230769,64
JFreeChart,org.jfree.chart.renderer.category,DefaultCategoryItemRenderer,0,3,0,0,0,1,0,1,0,1,,1,#DIV/0!,1
JFreeChart,org.jfree.chart.renderer.category,StackedAreaRenderer,761,46,57,7,160,18,36,7,6,5,,0.057001239,0.109375,43
JFreeChart,org.jfree.chart.renderer.category,BarRenderer,831,702,157,61,182,203,96,63,10,40,,0.457925636,0.279816514,159
JFreeChart,org.jfree.chart.renderer.category,LineAndShapeRenderer,393,432,68,34,92,130,46,40,5,30,,0.523636364,0.333333333,86
JFreeChart,org.jfree.chart.renderer.category,ScatterRenderer,374,150,47,15,96,53,37,18,12,12,,0.286259542,0.241935484,55
JFreeChart,org.jfree.chart.renderer.category,StatisticalLineAndShapeRenderer,207,401,36,40,43,103,35,15,3,9,,0.659539474,0.526315789,50
JFreeChart,org.jfree.chart.renderer.category,GroupedStackedBarRenderer,136,343,39,29,23,91,31,10,0,7,,0.716075157,0.426470588,41
JFreeChart,org.jfree.chart.renderer.category,AreaRenderer,333,140,39,11,80,39,25,7,2,5,,0.295983087,0.22,32
JFreeChart,org.jfree.chart.renderer.category,CategoryStepRenderer,292,122,32,10,64,34,25,5,5,4,,0.29468599,0.238095238,30
JFreeChart,org.jfree.chart.renderer.category,MinMaxCategoryRenderer.new Icon() {...},10,53,2,2,3,8,4,2,2,2,,0.841269841,0.5,6
JFreeChart,org.jfree.chart.renderer.category,MinMaxCategoryRenderer.new Icon() {...},50,21,4,0,12,1,5,1,3,1,,0.295774648,0,6
JFreeChart,org.jfree.chart.renderer.category,CategoryItemRendererState,32,60,5,5,10,21,7,9,3,8,,0.652173913,0.5,16
JFreeChart,org.jfree.chart.renderer.category,AbstractCategoryItemRenderer,1030,858,125,87,277,258,95,70,12,47,,0.454449153,0.410377358,165
JFreeChart,org.jfree.chart.renderer.category,BoxAndWhiskerRenderer,651,986,73,77,118,237,70,35,12,18,,0.602321319,0.513333333,105
JFreeChart,org.jfree.chart.renderer.category,StackedBarRenderer,380,68,77,7,89,24,43,8,3,6,,0.151785714,0.083333333,51
JFreeChart,org.jfree.chart.renderer.category,IntervalBarRenderer,81,169,15,15,18,46,14,6,0,5,,0.676,0.5,20
JFreeChart,org.jfree.chart.renderer.category,WaterfallBarRenderer,287,308,41,21,75,75,28,18,5,10,,0.517647059,0.338709677,46
JFreeChart,org.jfree.chart.renderer.category,GradientBarPainter,110,595,29,21,33,115,20,14,0,9,,0.843971631,0.42,34
JFreeChart,org.jfree.chart.renderer.category,GanttRenderer,554,337,61,25,100,99,41,18,3,13,,0.378226712,0.290697674,59
JFreeChart,org.jfree.chart.renderer.xy,WindItemRenderer,252,6,0,0,45,3,1,2,1,2,,0.023255814,#DIV/0!,3
JFreeChart,org.jfree.chart.renderer.xy,StandardXYItemRenderer,432,520,89,51,95,155,70,34,10,24,,0.546218487,0.364285714,104
JFreeChart,org.jfree.chart.renderer.xy,CyclicXYItemRenderer,780,0,118,0,106,0,64,0,5,0,,0,0,64
JFreeChart,org.jfree.chart.renderer.xy,CyclicXYItemRenderer.OverwriteDataSet,109,0,6,0,28,0,17,0,14,0,,0,0,17
JFreeChart,org.jfree.chart.renderer.xy,DeviationRenderer.State,14,0,0,0,4,0,1,0,1,0,,0,#DIV/0!,1
JFreeChart,org.jfree.chart.renderer.xy,XYDifferenceRenderer,1670,255,205,19,381,79,120,17,13,12,,0.132467532,0.084821429,137
JFreeChart,org.jfree.chart.renderer.xy,XYBoxAndWhiskerRenderer,741,515,62,30,130,123,47,22,5,18,,0.410031847,0.326086957,69
JFreeChart,org.jfree.chart.renderer.xy,DefaultXYItemRenderer,0,3,0,0,0,1,0,1,0,1,,1,#DIV/0!,1
JFreeChart,org.jfree.chart.renderer.xy,XYLineAndShapeRenderer.State,7,24,0,0,3,7,2,2,2,2,,0.774193548,#DIV/0!,4
JFreeChart,org.jfree.chart.renderer.xy,AbstractXYItemRenderer,1336,866,134,80,344,256,102,58,18,35,,0.393278837,0.373831776,160
JFreeChart,org.jfree.chart.renderer.xy,DeviationRenderer,366,51,32,6,69,16,26,5,8,4,,0.122302158,0.157894737,31
JFreeChart,org.jfree.chart.renderer.xy,XYBarRenderer.XYBarRendererState,14,0,0,0,6,0,3,0,3,0,,0,#DIV/0!,3
JFreeChart,org.jfree.chart.renderer.xy,XYAreaRenderer2,146,405,22,18,32,106,19,13,1,11,,0.735027223,0.45,32
JFreeChart,org.jfree.chart.renderer.xy,XYBubbleRenderer,292,138,35,12,62,39,25,6,2,5,,0.320930233,0.255319149,31
JFreeChart,org.jfree.chart.renderer.xy,XYErrorRenderer,350,141,26,14,65,48,21,16,6,11,,0.287169043,0.35,37
JFreeChart,org.jfree.chart.renderer.xy,StandardXYItemRenderer.State,14,4,0,0,6,2,4,1,4,1,,0.222222222,#DIV/0!,5
JFreeChart,org.jfree.chart.renderer.xy,GradientXYBarPainter,630,74,41,9,125,23,26,8,5,4,,0.105113636,0.18,34
JFreeChart,org.jfree.chart.renderer.xy,XYItemRendererState,6,27,0,0,2,11,2,5,2,5,,0.818181818,#DIV/0!,7
JFreeChart,org.jfree.chart.renderer.xy,XYDotRenderer,146,178,18,16,31,58,17,13,3,10,,0.549382716,0.470588235,30
JFreeChart,org.jfree.chart.renderer.xy,XYSplineRenderer,757,79,60,10,116,29,39,9,7,6,,0.094497608,0.142857143,48
JFreeChart,org.jfree.chart.renderer.xy,XYStepRenderer,125,264,21,29,21,62,17,17,0,9,,0.678663239,0.58,34
JFreeChart,org.jfree.chart.renderer.xy,XYShapeRenderer,283,226,35,23,71,74,31,23,11,14,,0.444007859,0.396551724,54
JFreeChart,org.jfree.chart.renderer.xy,SamplingXYLineRenderer.State,37,0,0,0,12,0,2,0,2,0,,0,#DIV/0!,2
JFreeChart,org.jfree.chart.renderer.xy,VectorRenderer,503,37,44,4,114,11,27,3,3,3,,0.068518519,0.083333333,30
JFreeChart,org.jfree.chart.renderer.xy,XYAreaRenderer,314,570,45,51,66,162,35,35,2,20,,0.64479638,0.53125,70
JFreeChart,org.jfree.chart.renderer.xy,ClusteredXYBarRenderer,333,121,53,13,78,33,30,11,2,6,,0.266519824,0.196969697,41
JFreeChart,org.jfree.chart.renderer.xy,XYBlockRenderer,393,215,38,26,90,62,35,16,9,10,,0.353618421,0.40625,51
JFreeChart,org.jfree.chart.renderer.xy,YIntervalRenderer,250,41,18,4,60,14,13,6,3,5,,0.140893471,0.181818182,19
JFreeChart,org.jfree.chart.renderer.xy,CandlestickRenderer,618,284,64,28,140,96,43,34,6,24,,0.314855876,0.304347826,77
JFreeChart,org.jfree.chart.renderer.xy,XYStepAreaRenderer,161,484,48,50,35,130,39,30,1,19,,0.750387597,0.510204082,69
JFreeChart,org.jfree.chart.renderer.xy,HighLowRenderer,371,128,53,15,82,47,34,17,6,11,,0.256513026,0.220588235,51
JFreeChart,org.jfree.chart.renderer.xy,XYSplineRenderer.XYSplineState,14,0,0,0,4,0,1,0,1,0,,0,#DIV/0!,1
JFreeChart,org.jfree.chart.renderer.xy,SamplingXYLineRenderer,325,0,28,0,83,0,22,0,8,0,,0,0,22
JFreeChart,org.jfree.chart.renderer.xy,StackedXYAreaRenderer2,788,130,54,14,164,37,33,13,4,8,,0.1416122,0.205882353,46
JFreeChart,org.jfree.chart.renderer.xy,StackedXYAreaRenderer,220,415,49,39,52,112,35,25,2,14,,0.653543307,0.443181818,60
JFreeChart,org.jfree.chart.renderer.xy,StackedXYBarRenderer,426,80,78,8,94,25,45,8,4,6,,0.158102767,0.093023256,53
JFreeChart,org.jfree.chart.renderer.xy,XYSplineRenderer.FillType,5,53,0,0,0,5,1,3,1,3,,0.913793103,#DIV/0!,4
JFreeChart,org.jfree.chart.renderer.xy,StackedXYAreaRenderer.StackedXYAreaRendererState,0,46,0,0,0,16,0,8,0,8,,1,#DIV/0!,8
JFreeChart,org.jfree.chart.renderer.xy,XYBarRenderer,982,400,173,37,221,131,110,40,18,27,,0.289435601,0.176190476,150
JFreeChart,org.jfree.chart.renderer.xy,XYAreaRenderer.XYAreaRendererState,0,14,0,0,0,4,0,1,0,1,,1,#DIV/0!,1
JFreeChart,org.jfree.chart.renderer.xy,XYLineAndShapeRenderer,235,805,60,76,54,222,59,53,7,37,,0.774038462,0.558823529,112
JFreeChart,org.jfree.chart.renderer.xy,StandardXYBarPainter,197,17,31,3,54,8,19,4,3,3,,0.079439252,0.088235294,23
JFreeChart,org.jfree.data,KeyedObject,4,64,2,8,2,21,2,9,0,6,,0.941176471,0.8,11
JFreeChart,org.jfree.data,DefaultKeyedValues2D,50,534,12,56,17,132,14,43,2,21,,0.914383562,0.823529412,57
JFreeChart,org.jfree.data,DefaultKeyedValues,45,459,10,34,11,107,11,33,2,20,,0.910714286,0.772727273,44
JFreeChart,org.jfree.data,KeyedValuesItemKey,73,0,6,0,21,0,8,0,5,0,,0,0,8
JFreeChart,org.jfree.data,DataUtils,68,261,12,36,16,64,10,24,2,8,,0.79331307,0.75,34
JFreeChart,org.jfree.data,Range,46,421,8,64,7,93,9,50,2,21,,0.901498929,0.888888889,59
JFreeChart,org.jfree.data,RangeType,5,43,0,0,0,4,1,3,1,3,,0.895833333,#DIV/0!,4
JFreeChart,org.jfree.data,DomainOrder,5,43,0,0,0,4,1,3,1,3,,0.895833333,#DIV/0!,4
JFreeChart,org.jfree.data,KeyedValueComparator,31,118,7,21,9,36,9,9,2,2,,0.791946309,0.75,18
JFreeChart,org.jfree.data,UnknownKeyException,0,4,0,0,0,2,0,1,0,1,,1,#DIV/0!,1
JFreeChart,org.jfree.data,KeyedObjects2D,62,554,12,58,17,135,14,43,2,20,,0.899350649,0.828571429,57
JFreeChart,org.jfree.data,DefaultKeyedValue,50,57,9,7,6,19,8,8,2,6,,0.53271028,0.4375,16
JFreeChart,org.jfree.data,KeyedObjects,97,239,20,24,27,68,18,20,4,12,,0.711309524,0.545454545,38
JFreeChart,org.jfree.data,KeyedValues2DItemKey,148,0,10,0,38,0,13,0,8,0,,0,0,13
JFreeChart,org.jfree.data,ComparableObjectSeries,69,360,11,49,19,95,12,38,3,17,,0.839160839,0.816666667,50
JFreeChart,org.jfree.data,ComparableObjectItem,12,79,3,9,6,22,4,10,1,7,,0.868131868,0.75,14
JFreeChart,org.jfree.data,KeyToGroupMap,44,261,9,33,15,79,8,25,1,11,,0.855737705,0.785714286,33
JFreeChart,org.jfree.data,KeyedValueComparatorType,9,29,0,0,0,3,2,2,2,2,,0.763157895,#DIV/0!,4
JFreeChart,org.jfree.chart.ui,Layer,9,29,0,0,0,3,2,2,2,2,,0.763157895,#DIV/0!,4
JFreeChart,org.jfree.chart.ui,LCBLayout,539,0,40,0,84,0,28,0,8,0,,0,0,28
JFreeChart,org.jfree.chart.ui,StrokeChooserPanel,64,0,2,0,13,0,4,0,3,0,,0,0,4
JFreeChart,org.jfree.chart.ui,TextAnchor,57,285,38,58,16,52,35,27,1,13,,0.833333333,0.604166667,62
JFreeChart,org.jfree.chart.ui,UIUtils,206,0,6,0,49,0,13,0,10,0,,0,0,13
JFreeChart,org.jfree.chart.ui,Size2D,59,20,8,0,16,8,9,4,5,4,,0.253164557,0,13
JFreeChart,org.jfree.chart.ui,FontDisplayField,46,0,2,0,13,0,6,0,5,0,,0,0,6
JFreeChart,org.jfree.chart.ui,StrokeSample,168,0,4,0,37,0,8,0,6,0,,0,0,8
JFreeChart,org.jfree.chart.ui,Align,84,0,12,0,20,0,8,0,2,0,,0,0,8
JFreeChart,org.jfree.chart.ui,StandardGradientPaintTransformer,121,45,10,8,25,16,8,8,2,5,,0.271084337,0.444444444,16
JFreeChart,org.jfree.chart.ui,RectangleAnchor,158,201,23,13,21,32,16,8,1,5,,0.559888579,0.361111111,24
JFreeChart,org.jfree.chart.ui,VerticalAlignment,5,43,0,0,0,4,1,3,1,3,,0.895833333,#DIV/0!,4
JFreeChart,org.jfree.chart.ui,NumberCellRenderer,34,0,4,0,12,0,4,0,2,0,,0,0,4
JFreeChart,org.jfree.chart.ui,PaintSample,90,0,0,0,22,0,5,0,5,0,,0,#DIV/0!,5
JFreeChart,org.jfree.chart.ui,RectangleEdge,43,93,13,11,13,14,10,10,2,6,,0.683823529,0.458333333,20
JFreeChart,org.jfree.chart.ui,GradientPaintTransformType,5,53,0,0,0,5,1,3,1,3,,0.913793103,#DIV/0!,4
JFreeChart,org.jfree.chart.ui,StrokeChooserPanel.new ActionListener() {...},11,0,0,0,3,0,2,0,2,0,,0,#DIV/0!,2
JFreeChart,org.jfree.chart.ui,HorizontalAlignment,5,43,0,0,0,4,1,3,1,3,,0.895833333,#DIV/0!,4
JFreeChart,org.jfree.chart.ui,ApplicationFrame,22,0,2,0,13,0,9,0,8,0,,0,0,9
JFreeChart,org.jfree.chart.ui,LengthAdjustmentType,5,43,0,0,0,4,1,3,1,3,,0.895833333,#DIV/0!,4
JFreeChart,org.jfree.chart.ui,RectangleInsets,400,315,42,22,70,81,36,26,7,23,,0.440559441,0.34375,62
JFreeChart,org.jfree.chart.ui,FontChooserPanel,337,0,20,0,71,0,17,0,7,0,,0,0,17
JFreeChart,org.jfree.chart.text,TextBox,179,310,30,16,43,78,35,13,13,12,,0.63394683,0.347826087,48
JFreeChart,org.jfree.chart.text,AttributedStringUtils,9,74,4,14,4,24,5,6,1,1,,0.891566265,0.777777778,11
JFreeChart,org.jfree.chart.text,TextUtils,385,720,59,65,84,176,56,30,11,13,,0.65158371,0.524193548,86
JFreeChart,org.jfree.chart.text,TextFragment,68,200,17,15,16,52,16,16,2,14,,0.746268657,0.46875,32
JFreeChart,org.jfree.chart.text,TextBlock,41,307,20,28,9,68,18,20,2,12,,0.882183908,0.583333333,38
JFreeChart,org.jfree.chart.text,TextLine,57,219,12,16,15,61,13,14,2,11,,0.793478261,0.571428571,27
JFreeChart,org.jfree.chart.text,TextBlockAnchor,5,103,0,0,0,10,1,3,1,3,,0.953703704,#DIV/0!,4
JFreeChart,org.jfree.chart.text,G2TextMeasurer,0,25,0,0,0,7,0,2,0,2,,1,#DIV/0!,2
JFreeChart,org.jfree.data.function,LineFunction2D,4,59,2,4,2,17,2,7,0,6,,0.936507937,0.666666667,9
JFreeChart,org.jfree.data.function,NormalDistributionFunction2D,26,70,3,5,5,19,4,6,1,5,,0.729166667,0.625,10
JFreeChart,org.jfree.data.function,PowerFunction2D,12,51,2,4,3,16,3,6,1,5,,0.80952381,0.666666667,9
JFreeChart,org.jfree.data.function,PolynomialFunction2D,27,40,3,1,5,10,3,5,1,5,,0.597014925,0.25,8
JFreeChart,org.jfree.data.json.impl,JSONArray,107,0,16,0,41,0,14,0,6,0,,0,0,14
JFreeChart,org.jfree.data.json.impl,JSONValue,323,0,81,0,95,0,49,0,5,0,,0,0,49
JFreeChart,org.jfree.data.json.impl,JSONObject,157,0,14,0,49,0,15,0,8,0,,0,0,15
JFreeChart,org.jfree.data.xy,DefaultTableXYDataset,120,542,21,53,29,142,25,48,9,27,,0.818731118,0.716216216,73
JFreeChart,org.jfree.data.xy,VectorSeries,16,58,0,0,4,16,2,8,2,8,,0.783783784,#DIV/0!,10
JFreeChart,org.jfree.data.xy,XYBarDataset,100,110,8,6,23,27,16,13,10,12,,0.523809524,0.428571429,29
JFreeChart,org.jfree.data.xy,XYDatasetTableModel,99,0,14,0,32,0,17,0,10,0,,0,0,17
JFreeChart,org.jfree.data.xy,XYInterval,4,84,2,12,2,26,2,12,0,7,,0.954545455,0.857142857,14
JFreeChart,org.jfree.data.xy,DefaultHighLowDataset,127,125,12,18,38,33,23,11,16,3,,0.496031746,0.6,34
JFreeChart,org.jfree.data.xy,WindDataItem,26,65,7,9,10,18,10,4,3,3,,0.714285714,0.5625,14
JFreeChart,org.jfree.data.xy,XYIntervalDataItem,10,64,5,5,5,18,5,7,0,7,,0.864864865,0.5,12
JFreeChart,org.jfree.data.xy,DefaultWindDataset,109,199,12,18,25,42,15,13,6,7,,0.646103896,0.6,28
JFreeChart,org.jfree.data.xy,CategoryTableXYDataset,70,163,6,6,19,44,14,19,10,17,,0.699570815,0.5,33
JFreeChart,org.jfree.data.xy,Vector,26,73,2,6,5,19,5,6,3,4,,0.737373737,0.75,11
JFreeChart,org.jfree.data.xy,DefaultOHLCDataset,75,121,10,8,22,34,15,14,8,12,,0.617346939,0.444444444,29
JFreeChart,org.jfree.data.xy,YIntervalSeries,0,64,0,0,0,17,0,9,0,9,,1,#DIV/0!,9
JFreeChart,org.jfree.data.xy,MatrixSeriesCollection,169,57,18,4,41,19,22,5,11,5,,0.252212389,0.181818182,27
JFreeChart,org.jfree.data.xy,XYDataItem,35,133,5,13,9,41,7,15,2,11,,0.791666667,0.722222222,22
JFreeChart,org.jfree.data.xy,XYIntervalSeries,0,82,0,0,0,21,0,11,0,11,,1,#DIV/0!,11
JFreeChart,org.jfree.data.xy,DefaultXYDataset,80,292,10,24,18,59,13,19,4,11,,0.784946237,0.705882353,32
JFreeChart,org.jfree.data.xy,AbstractXYDataset,0,33,1,3,0,12,1,5,0,4,,1,0.75,6
JFreeChart,org.jfree.data.xy,AbstractXYZDataset,14,3,2,0,5,1,2,1,1,1,,0.176470588,0,3
JFreeChart,org.jfree.data.xy,DefaultXYZDataset,68,367,11,27,15,72,16,20,5,12,,0.843678161,0.710526316,36
JFreeChart,org.jfree.data.xy,VectorSeriesCollection,130,89,5,7,28,27,14,10,10,8,,0.406392694,0.583333333,24
JFreeChart,org.jfree.data.xy,DefaultIntervalXYDataset,91,492,15,33,19,92,22,22,7,13,,0.843910806,0.6875,44
JFreeChart,org.jfree.data.xy,XYItemKey,139,0,10,0,36,0,13,0,8,0,,0,0,13
JFreeChart,org.jfree.data.xy,XYCoordinate,72,75,11,7,17,20,10,7,4,4,,0.510204082,0.388888889,17
JFreeChart,org.jfree.data.xy,XIntervalDataItem,6,44,3,3,3,12,3,5,0,5,,0.88,0.5,8
JFreeChart,org.jfree.data.xy,XIntervalSeries,0,64,0,0,0,17,0,9,0,9,,1,#DIV/0!,9
JFreeChart,org.jfree.data.xy,MatrixSeries,10,151,2,16,3,35,3,17,1,10,,0.937888199,0.888888889,20
JFreeChart,org.jfree.data.xy,IntervalXYDelegate,62,293,11,31,14,83,15,28,4,18,,0.825352113,0.738095238,43
JFreeChart,org.jfree.data.xy,XIntervalSeriesCollection,166,94,7,9,36,27,18,10,13,7,,0.361538462,0.5625,28
JFreeChart,org.jfree.data.xy,VectorDataItem,24,29,3,1,8,7,5,3,3,3,,0.547169811,0.25,8
JFreeChart,org.jfree.data.xy,YWithXInterval,4,56,2,8,2,18,2,8,0,5,,0.933333333,0.8,10
JFreeChart,org.jfree.data.xy,YInterval,4,56,2,8,2,18,2,8,0,5,,0.933333333,0.8,10
JFreeChart,org.jfree.data.xy,XYIntervalSeriesCollection,96,180,7,11,19,44,12,19,7,15,,0.652173913,0.611111111,31
JFreeChart,org.jfree.data.xy,YIntervalSeriesCollection,94,150,6,10,21,38,11,17,7,13,,0.614754098,0.625,28
JFreeChart,org.jfree.data.xy,OHLCDataItem,24,105,6,10,9,26,9,8,3,6,,0.813953488,0.625,17
JFreeChart,org.jfree.data.xy,NormalizedMatrixSeries,72,0,0,0,19,0,6,0,6,0,,0,#DIV/0!,6
JFreeChart,org.jfree.data.xy,YIntervalDataItem,6,44,3,3,3,12,3,5,0,5,,0.88,0.5,8
JFreeChart,org.jfree.data.xy,XYSeriesCollection,103,602,20,70,30,162,17,65,3,34,,0.853900709,0.777777778,82
JFreeChart,org.jfree.data.xy,AbstractIntervalXYDataset,0,59,2,6,0,21,2,7,0,5,,1,0.75,9
JFreeChart,org.jfree.data.xy,XYSeries,114,889,23,101,28,228,26,81,5,40,,0.886340977,0.814516129,107
JFreeChart,org.jfree.data.statistics,HistogramType,5,43,0,0,0,4,1,3,1,3,,0.895833333,#DIV/0!,4
JFreeChart,org.jfree.data.statistics,DefaultMultiValueCategoryDataset,100,275,22,26,29,70,23,20,8,11,,0.733333333,0.541666667,43
JFreeChart,org.jfree.data.statistics,BoxAndWhiskerCalculator,35,261,12,22,8,61,9,13,1,4,,0.881756757,0.647058824,22
JFreeChart,org.jfree.data.statistics,DefaultBoxAndWhiskerXYDataset,67,318,18,24,18,95,23,25,6,21,,0.825974026,0.571428571,48
JFreeChart,org.jfree.data.statistics,MeanAndStandardDeviation,19,77,3,9,2,25,4,10,1,7,,0.802083333,0.75,14
JFreeChart,org.jfree.data.statistics,Statistics,276,396,25,43,50,98,19,29,4,10,,0.589285714,0.632352941,48
JFreeChart,org.jfree.data.statistics,SimpleHistogramBin,29,197,11,39,9,54,9,27,0,11,,0.871681416,0.78,36
JFreeChart,org.jfree.data.statistics,DefaultStatisticalCategoryDataset,65,652,21,91,25,167,26,59,7,22,,0.909344491,0.8125,85
JFreeChart,org.jfree.data.statistics,DefaultBoxAndWhiskerCategoryDataset,117,598,36,54,42,170,42,47,10,34,,0.836363636,0.6,89
JFreeChart,org.jfree.data.statistics,HistogramBin,21,81,10,10,5,20,11,7,1,7,,0.794117647,0.5,18
JFreeChart,org.jfree.data.statistics,SimpleHistogramDataset,157,180,13,17,35,52,29,13,17,10,,0.534124629,0.566666667,42
JFreeChart,org.jfree.data.statistics,HistogramDataset,102,407,13,33,23,86,17,27,6,15,,0.799607073,0.717391304,44
JFreeChart,org.jfree.data.statistics,BoxAndWhiskerItem,50,166,10,14,11,38,11,14,1,12,,0.768518519,0.583333333,25
JFreeChart,org.jfree.data.statistics,Regression,526,432,50,12,82,92,30,8,3,4,,0.450939457,0.193548387,38
JFreeChart,org.jfree.chart.block,RectangleConstraint,27,313,6,22,4,62,7,27,1,19,,0.920588235,0.785714286,34
JFreeChart,org.jfree.chart.block,ColorBlock,47,52,1,5,13,19,5,6,4,4,,0.525252525,0.833333333,11
JFreeChart,org.jfree.chart.block,BorderArrangement,157,1258,30,96,27,204,27,47,1,10,,0.889045936,0.761904762,74
JFreeChart,org.jfree.chart.block,EmptyBlock,17,28,0,0,5,8,2,3,2,3,,0.622222222,#DIV/0!,5
JFreeChart,org.jfree.chart.block,LengthConstraintType,9,39,0,0,0,4,2,2,2,2,,0.8125,#DIV/0!,4
JFreeChart,org.jfree.chart.block,GridArrangement,63,587,15,59,20,126,15,36,1,13,,0.903076923,0.797297297,51
JFreeChart,org.jfree.chart.block,LabelBlock,116,213,11,17,30,63,18,19,11,12,,0.647416413,0.607142857,37
JFreeChart,org.jfree.chart.block,BlockBorder,73,142,6,10,15,41,9,11,3,9,,0.660465116,0.625,20
JFreeChart,org.jfree.chart.block,ColumnArrangement,422,64,50,12,89,23,32,10,7,4,,0.131687243,0.193548387,42
JFreeChart,org.jfree.chart.block,BlockParams,14,19,0,0,6,8,4,3,4,3,,0.575757576,#DIV/0!,7
JFreeChart,org.jfree.chart.block,FlowArrangement,179,368,30,34,38,85,25,21,4,10,,0.672760512,0.53125,46
JFreeChart,org.jfree.chart.block,LineBorder,157,95,13,9,37,29,11,9,4,5,,0.376984127,0.409090909,20
JFreeChart,org.jfree.chart.block,BlockContainer,14,205,3,19,5,62,5,20,2,12,,0.936073059,0.863636364,25
JFreeChart,org.jfree.chart.block,AbstractBlock,81,412,4,30,16,120,12,42,8,29,,0.835699797,0.882352941,54
JFreeChart,org.jfree.chart.block,CenterArrangement,255,53,34,2,58,13,27,4,9,4,,0.172077922,0.055555556,31
JFreeChart,org.jfree.chart.block,BlockResult,0,13,0,0,0,6,0,3,0,3,,1,#DIV/0!,3
JFreeChart,org.jfree.chart.plot.dial,StandardDialRange,173,216,11,13,43,54,21,13,12,10,,0.555269923,0.541666667,34
JFreeChart,org.jfree.chart.plot.dial,StandardDialScale,422,559,29,41,95,142,46,38,27,22,,0.569826707,0.585714286,84
JFreeChart,org.jfree.chart.plot.dial,DialPointer.Pin,66,111,2,6,16,34,5,10,3,8,,0.627118644,0.75,15
JFreeChart,org.jfree.chart.plot.dial,StandardDialFrame,102,194,2,12,24,53,9,15,7,10,,0.655405405,0.857142857,24
JFreeChart,org.jfree.chart.plot.dial,DialPointer.Pointer,222,100,3,7,51,32,9,9,6,7,,0.310559006,0.7,18
JFreeChart,org.jfree.chart.plot.dial,DialValueIndicator,272,427,11,29,72,116,28,32,21,19,,0.610872675,0.725,60
JFreeChart,org.jfree.chart.plot.dial,DialPointer,38,47,3,5,14,15,9,5,6,4,,0.552941176,0.625,14
JFreeChart,org.jfree.chart.plot.dial,DialBackground,28,114,2,8,9,36,5,13,4,9,,0.802816901,0.8,18
JFreeChart,org.jfree.chart.plot.dial,DialPlot,487,377,53,29,131,105,55,27,25,16,,0.436342593,0.353658537,82
JFreeChart,org.jfree.chart.plot.dial,DialLayerChangeEvent,3,7,0,0,1,3,1,1,1,1,,0.7,#DIV/0!,2
JFreeChart,org.jfree.chart.plot.dial,ArcDialFrame,231,316,3,19,47,80,14,22,11,14,,0.577696527,0.863636364,36
JFreeChart,org.jfree.chart.plot.dial,DialTextAnnotation,85,234,4,14,23,60,13,16,9,11,,0.73354232,0.777777778,29
JFreeChart,org.jfree.chart.plot.dial,DialCap,59,179,2,12,16,51,8,15,6,10,,0.75210084,0.857142857,23
JFreeChart,org.jfree.chart.plot.dial,AbstractDialLayer,24,98,3,7,9,25,6,10,3,8,,0.803278689,0.7,16
JFreeChart,org.jfree.data.resources,DataPackageResources_fr,35,0,0,0,3,0,3,0,3,0,,0,#DIV/0!,3
JFreeChart,org.jfree.data.resources,DataPackageResources_es,35,0,0,0,3,0,3,0,3,0,,0,#DIV/0!,3
JFreeChart,org.jfree.data.resources,DataPackageResources_de,35,0,0,0,3,0,3,0,3,0,,0,#DIV/0!,3
JFreeChart,org.jfree.data.resources,DataPackageResources,0,35,0,0,0,3,0,3,0,3,,1,#DIV/0!,3
JFreeChart,org.jfree.data.resources,DataPackageResources_ru,35,0,0,0,3,0,3,0,3,0,,0,#DIV/0!,3
JFreeChart,org.jfree.data.resources,DataPackageResources_pl,35,0,0,0,3,0,3,0,3,0,,0,#DIV/0!,3
JFreeChart,org.jfree.chart.annotations,XYDataImageAnnotation,289,0,26,0,75,0,29,0,16,0,,0,0,29
JFreeChart,org.jfree.chart.annotations,XYTitleAnnotation,126,310,23,21,37,73,28,9,9,6,,0.711009174,0.477272727,37
JFreeChart,org.jfree.chart.annotations,CategoryLineAnnotation,133,252,6,14,31,75,7,22,3,16,,0.654545455,0.7,29
JFreeChart,org.jfree.chart.annotations,XYDrawableAnnotation,136,155,8,14,23,37,7,10,1,5,,0.532646048,0.636363636,17
JFreeChart,org.jfree.chart.annotations,XYBoxAnnotation,49,276,12,18,12,66,14,10,2,7,,0.849230769,0.6,24
JFreeChart,org.jfree.chart.annotations,CategoryPointerAnnotation,263,303,4,20,57,83,12,23,9,14,,0.535335689,0.833333333,35
JFreeChart,org.jfree.chart.annotations,XYTextAnnotation,157,386,11,27,46,114,19,32,13,19,,0.710865562,0.710526316,51
JFreeChart,org.jfree.chart.annotations,CategoryTextAnnotation,96,129,6,10,23,39,5,14,1,10,,0.573333333,0.625,19
JFreeChart,org.jfree.chart.annotations,XYPointerAnnotation,311,300,12,18,67,81,16,22,9,14,,0.490998363,0.6,38
JFreeChart,org.jfree.chart.annotations,XYPolygonAnnotation,213,145,21,13,45,39,20,10,7,6,,0.405027933,0.382352941,30
JFreeChart,org.jfree.chart.annotations,XYImageAnnotation,231,0,22,0,67,0,23,0,12,0,,0,0,23
JFreeChart,org.jfree.chart.annotations,XYLineAnnotation,157,171,14,14,36,44,11,11,2,6,,0.521341463,0.5,22
JFreeChart,org.jfree.chart.annotations,TextAnnotation,4,239,2,14,2,74,2,24,0,18,,0.983539095,0.875,26
JFreeChart,org.jfree.chart.annotations,XYShapeAnnotation,193,145,14,12,44,40,12,10,3,6,,0.428994083,0.461538462,22
JFreeChart,org.jfree.chart.annotations,AbstractXYAnnotation,61,41,11,5,20,14,11,5,3,5,,0.401960784,0.3125,16
JFreeChart,org.jfree.chart.annotations,AbstractAnnotation,21,83,4,4,7,24,6,9,3,8,,0.798076923,0.5,15
JFreeChart,org.jfree.chart.event,OverlayChangeEvent,0,4,0,0,0,2,0,1,0,1,,1,#DIV/0!,1
JFreeChart,org.jfree.chart.event,ChartChangeEventType,9,39,0,0,0,4,2,2,2,2,,0.8125,#DIV/0!,4
JFreeChart,org.jfree.chart.event,PlotChangeEvent,3,7,0,0,1,3,1,1,1,1,,0.7,#DIV/0!,2
JFreeChart,org.jfree.chart.event,MarkerChangeEvent,0,10,0,0,0,4,0,2,0,2,,1,#DIV/0!,2
JFreeChart,org.jfree.chart.event,TitleChangeEvent,3,7,0,0,1,3,1,1,1,1,,0.7,#DIV/0!,2
JFreeChart,org.jfree.chart.event,AnnotationChangeEvent,3,10,0,0,1,4,1,1,1,1,,0.769230769,#DIV/0!,2
JFreeChart,org.jfree.chart.event,AxisChangeEvent,0,10,0,0,0,4,0,2,0,2,,1,#DIV/0!,2
JFreeChart,org.jfree.chart.event,ChartChangeEvent,12,24,0,0,4,10,3,4,3,4,,0.666666667,#DIV/0!,7
JFreeChart,org.jfree.chart.event,RendererChangeEvent,0,21,0,0,0,8,0,4,0,4,,1,#DIV/0!,4
JFreeChart,org.jfree.chart.event,ChartProgressEvent,21,13,0,0,9,5,6,1,6,1,,0.382352941,#DIV/0!,7